record_id,organization_name,monitor_url,source_type,source_provider,source_listing_url,source_api_url,source_stage,previous_result,extraction_result,extraction_reason,jobs_found,extraction_error,extraction_checked_at_utc
7,Action1,https://apply.workable.com/action1/,ats,workable,https://apply.workable.com/action1/,,stage1,,no_jobs_found,Unknown ATS: workable,0,,2026-07-29T01:03:50.966962+00:00
17,Aha,https://www.aha.io/company/careers/current-openings,static_html_listing,,https://www.aha.io/company/careers/current-openings,,stage1,,jobs_extracted,10 jobs found,10,,2026-07-29T01:03:50.974385+00:00
19,Airbus,https://www.airbus.com/en/careers,ats,workday,https://www.airbus.com/en/careers,,stage1,,no_jobs_found,No jobs extracted,0,,2026-07-29T01:03:50.975476+00:00
20,Akamai,https://www.akamai.com/careers,static_html_listing,,https://www.akamai.com/careers,,stage1,,no_jobs_found,No jobs extracted,0,,2026-07-29T01:03:51.136796+00:00
18,Careers,https://careers.aircanada.com/ca/en/,static_html_listing,,https://careers.aircanada.com/ca/en/,,stage1,,no_jobs_found,No jobs extracted,0,,2026-07-29T01:03:50.974861+00:00
21,Akkodis,https://www.akkodis.com/en/careers,static_html_listing,,https://www.akkodis.com/en/careers,,stage1,,jobs_extracted,2 jobs found,2,,2026-07-29T01:03:51.247357+00:00
31,Ampstek,https://www.ampstek.com/careers,static_html_listing,,https://www.ampstek.com/careers,,stage1,,no_jobs_found,No jobs extracted,0,,2026-07-29T01:03:51.348554+00:00
10,Adga,https://www.adga.ca/careers/,static_html_listing,,https://www.adga.ca/careers/,,stage1,,jobs_extracted,34 jobs found,34,,2026-07-29T01:03:50.973803+00:00
33,Anaplan,https://www.anaplan.com/careers/,static_html_listing,,https://www.anaplan.com/careers/,,stage1,,jobs_extracted,15 jobs found,15,,2026-07-29T01:03:51.506602+00:00
39,Aquanow,https://www.aquanow.com/careers,static_html_listing,,https://www.aquanow.com/careers,,stage1,,jobs_extracted,2 jobs found,2,,2026-07-29T01:03:52.027362+00:00
37,Www1,https://www1.appliedsystems.com/en-us/about-us/careers/,ats,icims,https://www1.appliedsystems.com/en-us/about-us/careers/,,stage1,,jobs_extracted,Unknown ATS: icims,2,,2026-07-29T01:03:51.754542+00:00
43,Jobs,https://jobs.ashbyhq.com/ashby,ats,ashby,https://jobs.ashbyhq.com/ashby,,stage1,,no_jobs_found,Unknown ATS: ashby,0,,2026-07-29T01:03:52.409071+00:00
26,Alpha-sense,https://www.alpha-sense.com/careers/,ats,greenhouse,https://www.alpha-sense.com/careers/,,stage1,,jobs_extracted,204 jobs found,204,,2026-07-29T01:03:51.250525+00:00
38,Aptiv,https://www.aptiv.com/en/jobs,static_html_listing,,https://www.aptiv.com/en/jobs,,stage1,,jobs_extracted,2 jobs found,2,,2026-07-29T01:03:51.862182+00:00
40,Arcticwolf,https://arcticwolf.com/company/careers/,ats,workday,https://arcticwolf.com/company/careers/,,stage1,,no_jobs_found,No jobs extracted,0,,2026-07-29T01:03:52.219013+00:00
46,Careers,https://careers.asurion.com/us/en,static_html_listing,,https://careers.asurion.com/us/en,,stage1,,no_jobs_found,No jobs extracted,0,,2026-07-29T01:03:52.441098+00:00
52,Babylist,https://www.babylist.com/about/careers,ats,greenhouse,https://www.babylist.com/about/careers,,stage1,,no_jobs_found,No jobs extracted,0,,2026-07-29T01:03:53.369871+00:00
47,Attainfinance,https://attainfinance.com/careers,ats,icims,https://attainfinance.com/careers,,stage1,,no_jobs_found,Unknown ATS: icims,0,,2026-07-29T01:03:52.639589+00:00
50,Aversan,https://www.aversan.com/careers/,static_html_listing,,https://www.aversan.com/careers/,,stage1,,jobs_extracted,1 jobs found,1,,2026-07-29T01:03:53.224860+00:00
57,Jobs,https://jobs.bell.ca/ca/en,static_html_listing,,https://jobs.bell.ca/ca/en,,stage1,,jobs_extracted,2 jobs found,2,,2026-07-29T01:03:53.481776+00:00
66,Bitfreighter,https://www.bitfreighter.com/careers,ats,workable,https://www.bitfreighter.com/careers,,stage1,,jobs_extracted,Unknown ATS: workable,2,,2026-07-29T01:03:53.853482+00:00
67,Block,https://block.xyz/careers/jobs?,static_html_listing,,https://block.xyz/careers/jobs?,,stage1,,no_jobs_found,No jobs extracted,0,,2026-07-29T01:03:53.921640+00:00
71,Boomerangfx,https://www.boomerangfx.com/careers,static_html_listing,,https://www.boomerangfx.com/careers,,stage1,,jobs_extracted,12 jobs found,12,,2026-07-29T01:03:54.133582+00:00
72,Bouncie,https://www.bouncie.com/careers,ats,workable,https://www.bouncie.com/careers,,stage1,,no_jobs_found,Unknown ATS: workable,0,,2026-07-29T01:03:54.340708+00:00
64,Bioscript,https://recruiting.ultipro.ca/BIO5000BIOS/JobBoard/84b6fcd6-8994-4eef-b83b-3debe9cdc52b/?q=&o=postedDateDesc,static_html_listing,,https://recruiting.ultipro.ca/BIO5000BIOS/JobBoard/84b6fcd6-8994-4eef-b83b-3debe9cdc52b/?q=&o=postedDateDesc,,stage1,,no_jobs_found,No jobs extracted,0,,2026-07-29T01:03:53.762699+00:00
69,Jobs,https://jobs.bmo.com/ca/en,ats,workday,https://jobs.bmo.com/ca/en,,stage1,,no_jobs_found,No jobs extracted,0,,2026-07-29T01:03:53.964336+00:00
78,Butterflymx,https://butterflymx.com/careers/,static_html_listing,,https://butterflymx.com/careers/,,stage1,,jobs_extracted,5 jobs found,5,,2026-07-29T01:03:54.724683+00:00
81,Cbnco,https://www.cbnco.com/careers/,static_html_listing,,https://www.cbnco.com/careers/,,stage1,,no_jobs_found,No jobs extracted,0,,2026-07-29T01:03:54.836852+00:00
70,Bmt,https://www.bmt.org/careers/,static_html_listing,,https://www.bmt.org/careers/,,stage1,,jobs_extracted,4 jobs found,4,,2026-07-29T01:03:54.477070+00:00
82,Careers,https://careers.blood.ca/,static_html_listing,,https://careers.blood.ca/,,stage1,,jobs_extracted,4 jobs found,4,,2026-07-29T01:03:54.898501+00:00
89,Capgemini,https://www.capgemini.com/careers/?page=1&size=11,static_html_listing,,https://www.capgemini.com/careers/?page=1&size=11,,stage1,,jobs_extracted,14 jobs found,14,,2026-07-29T01:03:56.874616+00:00
87,Canarm,https://www.canarm.com/careers,static_html_listing,,https://www.canarm.com/careers,,stage1,,jobs_extracted,9 jobs found,9,,2026-07-29T01:03:56.738880+00:00
95,Certn,https://certn.co/careers/,ats,ashby,https://certn.co/careers/,,stage1,,jobs_extracted,Unknown ATS: ashby,2,,2026-07-29T01:03:56.999661+00:00
102,Cira,https://www.cira.ca/en/careers/,ats,bamboohr,https://www.cira.ca/en/careers/,,stage1,,no_jobs_found,Unknown ATS: bamboohr,0,,2026-07-29T01:03:57.244162+00:00
99,Cheo,https://www.cheo.on.ca/en/about-us/careers.aspx,ats,workday,https://www.cheo.on.ca/en/about-us/careers.aspx,,stage1,,no_jobs_found,No jobs extracted,0,,2026-07-29T01:03:57.229276+00:00
107,Clario,https://clario.com/careers/,ats,workday,https://clario.com/careers/,,stage1,,no_jobs_found,No jobs extracted,0,,2026-07-29T01:03:57.642301+00:00
94,Cdmsmith,https://www.cdmsmith.com/Careers,static_html_listing,,https://www.cdmsmith.com/Careers,,stage1,,jobs_extracted,4 jobs found,4,,2026-07-29T01:03:57.050438+00:00
101,Careers,https://careers.cintas.com/,ats,successfactors,https://careers.cintas.com/,,stage1,,jobs_extracted,Unknown ATS: successfactors,2,,2026-07-29T01:03:57.567934+00:00
109,Clickhouse,https://clickhouse.com/company/careers,ats,greenhouse,https://clickhouse.com/company/careers,,stage1,,no_jobs_found,No jobs extracted,0,,2026-07-29T01:03:58.031364+00:00
124,Cresta,https://cresta.com/careers,static_html_listing,,https://cresta.com/careers,,stage1,,no_jobs_found,No jobs extracted,0,,2026-07-29T01:03:58.690370+00:00
113,Colabsoftware,https://www.colabsoftware.com/careers,ats,greenhouse,https://www.colabsoftware.com/careers,,stage1,,no_jobs_found,No jobs extracted,0,,2026-07-29T01:03:58.393023+00:00
122,Covergo,https://covergo.com/careers/,ats,workable,https://covergo.com/careers/,,stage1,,no_jobs_found,Unknown ATS: workable,0,,2026-07-29T01:03:58.564820+00:00
75,Brunel,https://www.brunel.net/en/jobs,static_html_listing,,https://www.brunel.net/en/jobs,,stage1,,jobs_extracted,7 jobs found,7,,2026-07-29T01:03:54.580300+00:00
129,Careers,https://careers.cushmanwakefield.com/en/,ats,workday,https://careers.cushmanwakefield.com/en/,,stage1,,no_jobs_found,No jobs extracted,0,,2026-07-29T01:03:59.329896+00:00
111,Careers,https://recruiting.ultipro.com/COO5000COOP/JobBoard/163383cc-cbae-4201-956e-c5e437bbfeb3/?q=&o=postedDateDesc&w=&wc=&we=&wpst=,static_html_listing,,https://recruiting.ultipro.com/COO5000COOP/JobBoard/163383cc-cbae-4201-956e-c5e437bbfeb3/?q=&o=postedDateDesc&w=&wc=&we=&wpst=,,stage1,,no_jobs_found,No jobs extracted,0,,2026-07-29T01:03:58.172258+00:00
128,Careers,https://curtisswright.com/careers,ats,workday,https://curtisswright.com/careers,,stage1,,no_jobs_found,No jobs extracted,0,,2026-07-29T01:03:59.195103+00:00
131,Cybrid,https://cybrid.xyz/careers,ats,greenhouse,https://cybrid.xyz/careers,,stage1,,jobs_extracted,1 jobs found,1,,2026-07-29T01:03:59.618388+00:00
134,Datassential,https://datassential.com/careers/,ats,workable,https://datassential.com/careers/,,stage1,,jobs_extracted,Unknown ATS: workable,2,,2026-07-29T01:03:59.798014+00:00
132,Dwavequantum,https://www.dwavequantum.com/company/careers/,ats,rippling,https://www.dwavequantum.com/company/careers/,,stage1,,jobs_extracted,Unknown ATS: rippling,6,,2026-07-29T01:03:59.749950+00:00
136,Dcc-cdc,https://www.dcc-cdc.gc.ca/careers,ats,taleo,https://www.dcc-cdc.gc.ca/careers,,stage1,,no_jobs_found,Unknown ATS: taleo,0,,2026-07-29T01:04:00.101660+00:00
141,Docker,https://www.docker.com/careers/,static_html_listing,,https://www.docker.com/careers/,,stage1,,jobs_extracted,5 jobs found,5,,2026-07-29T01:04:00.743109+00:00
138,Careers,https://careers.deloitte.ca/,static_html_listing,,https://careers.deloitte.ca/,,stage1,,jobs_extracted,4 jobs found,4,,2026-07-29T01:04:00.740807+00:00
140,Dt,https://www.dt.com/about-us/careers/,static_html_listing,,https://www.dt.com/about-us/careers/,,stage1,,jobs_extracted,4 jobs found,4,,2026-07-29T01:04:00.741993+00:00
152,Careers,https://jobs.egis-group.com/,ats,smartrecruiters,https://jobs.egis-group.com/,,stage1,,jobs_extracted,Unknown ATS: smartrecruiters,7,,2026-07-29T01:04:00.744036+00:00
158,Emeritus,https://careers.emeritus.org/,static_html_listing,,https://careers.emeritus.org/,,stage1,,jobs_extracted,3 jobs found,3,,2026-07-29T01:04:01.862231+00:00
156,Elevenlabs,https://elevenlabs.io/careers,static_html_listing,,https://elevenlabs.io/careers,,stage1,,jobs_extracted,3 jobs found,3,,2026-07-29T01:04:01.827654+00:00
161,Epicgames,https://www.epicgames.com/site/careers?lang=en-US,static_html_listing,,https://www.epicgames.com/site/careers?lang=en-US,,stage1,,no_jobs_found,No jobs extracted,0,,2026-07-29T01:04:02.095881+00:00
164,Ericsson,https://www.ericsson.com/en/careers,static_html_listing,,https://www.ericsson.com/en/careers,,stage1,,no_jobs_found,No jobs extracted,0,,2026-07-29T01:04:02.282730+00:00
167,Exp,https://www.exp.com/careers/,ats,oracle,https://www.exp.com/careers/,,stage1,,jobs_extracted,Unknown ATS: oracle,9,,2026-07-29T01:04:02.646903+00:00
170,Farber,https://www.farber.ca/careers,static_html_listing,,https://www.farber.ca/careers,,stage1,,no_jobs_found,No jobs extracted,0,,2026-07-29T01:04:02.733677+00:00
154,Epeconsulting,https://epeconsulting.com/careers,ats,icims,https://epeconsulting.com/careers,,stage1,,no_jobs_found,Unknown ATS: icims,0,,2026-07-29T01:04:00.745547+00:00
174,Fellow,https://fellow.ai/careers,ats,bamboohr,https://fellow.ai/careers,,stage1,,jobs_extracted,Unknown ATS: bamboohr,2,,2026-07-29T01:04:03.673099+00:00
172,Farmboy,https://www.farmboy.ca/careers/,ats,smartrecruiters,https://www.farmboy.ca/careers/,,stage1,,no_jobs_found,Unknown ATS: smartrecruiters,0,,2026-07-29T01:04:03.506543+00:00
178,Forwardfinancing,https://www.forwardfinancing.com/careers/,static_html_listing,,https://www.forwardfinancing.com/careers/,,stage1,,jobs_extracted,2 jobs found,2,,2026-07-29T01:04:03.795426+00:00
169,Careers,https://careers.ey.com/,static_html_listing,,https://careers.ey.com/,,stage1,,jobs_extracted,1 jobs found,1,,2026-07-29T01:04:02.677401+00:00
184,Getuniflo,https://getuniflo.com/careers,static_html_listing,,https://getuniflo.com/careers,,stage1,,no_jobs_found,No jobs extracted,0,,2026-07-29T01:04:04.663827+00:00
187,About,https://about.gitlab.com/jobs/,static_html_listing,,https://about.gitlab.com/jobs/,,stage1,,jobs_extracted,3 jobs found,3,,2026-07-29T01:04:04.956845+00:00
185,Gflenv,https://careers.gflenv.com/,static_html_listing,,https://careers.gflenv.com/,,stage1,,jobs_extracted,6 jobs found,6,,2026-07-29T01:04:04.839652+00:00
197,Careers,https://www.guidewire.com/about/careers,static_html_listing,,https://www.guidewire.com/about/careers,,stage1,,jobs_extracted,4 jobs found,4,,2026-07-29T01:04:05.618582+00:00
199,Harriscomputer,https://harriscomputer.wd3.myworkdayjobs.com/1,ats,workday,https://harriscomputer.wd3.myworkdayjobs.com/1,,stage1,,no_jobs_found,No jobs extracted,0,,2026-07-29T01:04:05.860269+00:00
194,Grafana,https://job-boards.greenhouse.io/grafanalabs/,ats,greenhouse,https://job-boards.greenhouse.io/grafanalabs/,,stage1,,jobs_extracted,131 jobs found,131,,2026-07-29T01:04:05.560796+00:00
204,Healthtech,https://www.healthtech.ca/careers,ats,workday,https://www.healthtech.ca/careers,,stage1,,no_jobs_found,No jobs extracted,0,,2026-07-29T01:04:06.297813+00:00
191,Govspend,https://govspend.com/careers/,ats,applytojob,https://govspend.com/careers/,,stage1,,no_jobs_found,Unknown ATS: applytojob,0,,2026-07-29T01:04:05.341542+00:00
205,Careers,https://careers.hfsinclair.com/,static_html_listing,,https://careers.hfsinclair.com/,,stage1,,jobs_extracted,3 jobs found,3,,2026-07-29T01:04:06.612273+00:00
166,Exeevo,https://exeevo.com/about-us/careers/,ats,bamboohr,https://exeevo.com/about-us/careers/,,stage1,,jobs_extracted,Unknown ATS: bamboohr,4,,2026-07-29T01:04:02.343891+00:00
210,Global,https://global.hitachi-solutions.com/careers/,ats,smartrecruiters,https://global.hitachi-solutions.com/careers/,,stage1,,jobs_extracted,Unknown ATS: smartrecruiters,2,,2026-07-29T01:04:07.547974+00:00
207,Hiive,https://www.hiive.com/careers,ats,ashby,https://www.hiive.com/careers,,stage1,,no_jobs_found,Unknown ATS: ashby,0,,2026-07-29T01:04:07.474079+00:00
215,Careers,https://careers.icf.com/us/en,static_html_listing,,https://careers.icf.com/us/en,,stage1,,no_jobs_found,No jobs extracted,0,,2026-07-29T01:04:07.668482+00:00
221,Infoblox,https://www.infoblox.com/company/careers/,ats,oracle,https://www.infoblox.com/company/careers/,,stage1,,jobs_extracted,Unknown ATS: oracle,9,,2026-07-29T01:04:07.917920+00:00
216,Careers,https://careers.iconplc.com/,static_html_listing,,https://careers.iconplc.com/,,stage1,,jobs_extracted,2 jobs found,2,,2026-07-29T01:04:07.916321+00:00
223,Insurity,https://insurity.com/careers,ats,greenhouse,https://insurity.com/careers,,stage1,,no_jobs_found,No jobs extracted,0,,2026-07-29T01:04:08.385325+00:00
225,Invertbio,https://invertbio.com/careers,ats,ashby,https://invertbio.com/careers,,stage1,,jobs_extracted,Unknown ATS: ashby,10,,2026-07-29T01:04:08.657690+00:00
227,Irissoftware,https://www.irissoftware.com/careers/,static_html_listing,,https://www.irissoftware.com/careers/,,stage1,,no_jobs_found,No jobs extracted,0,,2026-07-29T01:04:09.055648+00:00
232,Jitterbit,https://www.jitterbit.com/careers/,static_html_listing,,https://www.jitterbit.com/careers/,,stage1,,jobs_extracted,9 jobs found,9,,2026-07-29T01:04:09.211717+00:00
242,Kinaxis,https://www.kinaxis.com/en/careers,static_html_listing,,https://www.kinaxis.com/en/careers,,stage1,,jobs_extracted,5 jobs found,5,,2026-07-29T01:04:09.276395+00:00
226,Jobs,https://jobs.iqvia.com/en,ats,workday,https://jobs.iqvia.com/en,,stage1,,no_jobs_found,No jobs extracted,0,,2026-07-29T01:04:08.940168+00:00
243,Kindsight,https://careers.kindsight.io/,static_html_listing,,https://careers.kindsight.io/,,stage1,,jobs_extracted,9 jobs found,9,,2026-07-29T01:04:09.826406+00:00
241,Kimoby,https://www.kimoby.com/careers,static_html_listing,,https://www.kimoby.com/careers,,stage1,,jobs_extracted,3 jobs found,3,,2026-07-29T01:04:09.646943+00:00
247,Konghq,https://konghq.com/company/careers,ats,ashby,https://konghq.com/company/careers,,stage1,,jobs_extracted,Unknown ATS: ashby,20,,2026-07-29T01:04:09.979804+00:00
248,Kraken,https://www.kraken.com/careers,ats,ashby,https://www.kraken.com/careers,,stage1,,jobs_extracted,Unknown ATS: ashby,5,,2026-07-29T01:04:10.085028+00:00
254,Lemfi,https://jobs.ashbyhq.com/lemfi,ats,ashby,https://jobs.ashbyhq.com/lemfi,,stage1,,no_jobs_found,Unknown ATS: ashby,0,,2026-07-29T01:04:10.659944+00:00
249,Kyndryl,https://www.kyndryl.com/us/en/careers,ats,workday,https://www.kyndryl.com/us/en/careers,,stage1,,no_jobs_found,No jobs extracted,0,,2026-07-29T01:04:10.212356+00:00
258,Lexful,https://lexful.ai/careers,static_html_listing,,https://lexful.ai/careers,,stage1,,jobs_extracted,2 jobs found,2,,2026-07-29T01:04:10.816741+00:00
257,Leveragetek,https://leveragetek.ca/en/about-us/careers-at-leveragetek/,static_html_listing,,https://leveragetek.ca/en/about-us/careers-at-leveragetek/,,stage1,,jobs_extracted,6 jobs found,6,,2026-07-29T01:04:10.941471+00:00
261,Lightspeedhq,https://www.lightspeedhq.com/careers/,static_html_listing,,https://www.lightspeedhq.com/careers/,,stage1,,no_jobs_found,No jobs extracted,0,,2026-07-29T01:04:11.100954+00:00
250,Careers,https://careers.loreal.com/en_US/content,static_html_listing,,https://careers.loreal.com/en_US/content,,stage1,,jobs_extracted,8 jobs found,8,,2026-07-29T01:04:10.418775+00:00
270,Magnetforensics,https://www.magnetforensics.com/careers-at-magnet/,ats,lever,https://www.magnetforensics.com/careers-at-magnet/,,stage1,,jobs_extracted,47 jobs found,47,,2026-07-29T01:04:11.606851+00:00
202,Hstk,https://hstk.com/careers/,static_html_listing,,https://hstk.com/careers/,,stage1,,jobs_extracted,6 jobs found,6,,2026-07-29T01:04:05.948935+00:00
265,Lorventech,https://lorventech.com/careers/,static_html_listing,,https://lorventech.com/careers/,,stage1,,no_jobs_found,No jobs extracted,0,,2026-07-29T01:04:11.198916+00:00
180,Futureelectronics,https://www.futureelectronics.com/careers,static_html_listing,,https://www.futureelectronics.com/careers,,stage1,,no_jobs_found,No jobs extracted,0,,2026-07-29T01:04:04.273500+00:00
286,Moosehead,https://moosehead.ca/careers/,static_html_listing,,https://moosehead.ca/careers/,,stage1,,no_jobs_found,No jobs extracted,0,,2026-07-29T01:04:29.619184+00:00
277,Mercor,https://www.mercor.com/careers/,static_html_listing,,https://www.mercor.com/careers/,,stage1,,jobs_extracted,137 jobs found,137,,2026-07-29T01:04:29.612485+00:00
278,Mercury,https://mercury.com/jobs,ats,greenhouse,https://mercury.com/jobs,,stage1,,jobs_extracted,57 jobs found,57,,2026-07-29T01:04:29.614106+00:00
287,Usemultiplier,https://www.usemultiplier.com/careers,static_html_listing,,https://www.usemultiplier.com/careers,,stage1,,no_jobs_found,No jobs extracted,0,,2026-07-29T01:04:29.926843+00:00
289,Corp,https://corp.narvar.com/careers/all,ats,greenhouse,https://corp.narvar.com/careers/all,,stage1,,no_jobs_found,No jobs extracted,0,,2026-07-29T01:04:30.098948+00:00
282,Mitratech,https://mitratech.com/about-us/careers/,ats,greenhouse,https://mitratech.com/about-us/careers/,,stage1,,jobs_extracted,24 jobs found,24,,2026-07-29T01:04:29.616238+00:00
294,Netomi,https://www.netomi.com/careers,ats,lever,https://www.netomi.com/careers,,stage1,,no_jobs_found,No jobs extracted,0,,2026-07-29T01:04:30.194103+00:00
293,Netlify,https://www.netlify.com/careers/,ats,greenhouse,https://www.netlify.com/careers/,,stage1,,jobs_extracted,5 jobs found,5,,2026-07-29T01:04:30.224589+00:00
272,Careers,https://careers.mheducation.com/,ats,icims,https://careers.mheducation.com/,,stage1,,no_jobs_found,Unknown ATS: icims,0,,2026-07-29T01:04:29.611343+00:00
301,Careers,https://careers.nutanix.com/en/,static_html_listing,,https://careers.nutanix.com/en/,,stage1,,no_jobs_found,No jobs extracted,0,,2026-07-29T01:04:30.522385+00:00
303,Okta,https://www.okta.com/company/careers/,static_html_listing,,https://www.okta.com/company/careers/,,stage1,,jobs_extracted,9 jobs found,9,,2026-07-29T01:04:30.731042+00:00
302,Oclc,https://www.oclc.org/en/careers.html,ats,workday,https://www.oclc.org/en/careers.html,,stage1,,no_jobs_found,No jobs extracted,0,,2026-07-29T01:04:30.722424+00:00
307,Opendoor,https://www.opendoor.com/careers,static_html_listing,,https://www.opendoor.com/careers,,stage1,,no_jobs_found,No jobs extracted,0,,2026-07-29T01:04:30.748932+00:00
310,Organigram,https://www.organigram.ca/careers,ats,dayforce,https://www.organigram.ca/careers,,stage1,,no_jobs_found,Unknown ATS: dayforce,0,,2026-07-29T01:04:31.111171+00:00
308,Opsguru,https://carbon60.bamboohr.com/careers,ats,bamboohr,https://carbon60.bamboohr.com/careers,,stage1,,no_jobs_found,Unknown ATS: bamboohr,0,,2026-07-29T01:04:31.085827+00:00
295,Nevvon,https://www.nevvon.com/careers/,static_html_listing,,https://www.nevvon.com/careers/,,stage1,,jobs_extracted,6 jobs found,6,,2026-07-29T01:04:30.360364+00:00
315,Jobs,https://jobs.paloaltonetworks.com/en,ats,workday,https://jobs.paloaltonetworks.com/en,,stage1,,no_jobs_found,No jobs extracted,0,,2026-07-29T01:04:31.176133+00:00
317,Passionfruitpartners,https://www.passionfruitpartners.com/careers,static_html_listing,,https://www.passionfruitpartners.com/careers,,stage1,,no_jobs_found,No jobs extracted,0,,2026-07-29T01:04:31.589423+00:00
300,Numeris,https://numeris.ca/working-at-numeris/,ats,lever,https://numeris.ca/working-at-numeris/,,stage1,,jobs_extracted,2 jobs found,2,,2026-07-29T01:04:30.432550+00:00
321,Planet,https://www.planet.com/company/careers/,static_html_listing,,https://www.planet.com/company/careers/,,stage1,,jobs_extracted,5 jobs found,5,,2026-07-29T01:04:32.148962+00:00
324,Powertakeoff,https://powertakeoff.com/careers/,ats,rippling,https://powertakeoff.com/careers/,,stage1,,jobs_extracted,Unknown ATS: rippling,73,,2026-07-29T01:04:32.295580+00:00
327,Princetonits,http://princetonits.com/,static_html_listing,,http://princetonits.com/,,stage1,,no_jobs_found,No jobs extracted,0,,2026-07-29T01:04:32.364223+00:00
318,Pendo,https://www.pendo.io/careers/,ats,greenhouse,https://www.pendo.io/careers/,,stage1,,jobs_extracted,45 jobs found,45,,2026-07-29T01:04:31.736444+00:00
331,Properexpression,https://www.properexpression.com/careers,static_html_listing,,https://www.properexpression.com/careers,,stage1,,jobs_extracted,5 jobs found,5,,2026-07-29T01:04:32.507425+00:00
347,Randstad,https://www.randstad.ca/jobs/,static_html_listing,,https://www.randstad.ca/jobs/,,stage1,,jobs_extracted,67 jobs found,67,,2026-07-29T01:04:33.105691+00:00
346,Randgroup,https://www.randgroup.com/careers/,ats,icims,https://www.randgroup.com/careers/,,stage1,,jobs_extracted,Unknown ATS: icims,10,,2026-07-29T01:04:33.173809+00:00
350,Reallygreatreading,https://job-boards.greenhouse.io/reallygreatreading,ats,greenhouse,https://job-boards.greenhouse.io/reallygreatreading,,stage1,,jobs_extracted,12 jobs found,12,,2026-07-29T01:04:33.412486+00:00
336,Careers,https://www.quadient.com/en-us/careers,static_html_listing,,https://www.quadient.com/en-us/careers,,stage1,,no_jobs_found,No jobs extracted,0,,2026-07-29T01:04:33.060202+00:00
351,Jobs,https://jobs.redbull.com/ca-en,static_html_listing,,https://jobs.redbull.com/ca-en,,stage1,,no_jobs_found,No jobs extracted,0,,2026-07-29T01:04:33.680680+00:00
353,Redswan,https://redswan.io/careers/,static_html_listing,,https://redswan.io/careers/,,stage1,,jobs_extracted,6 jobs found,6,,2026-07-29T01:04:33.778665+00:00
309,Optro,https://optro.ai/careers,ats,ashby,https://optro.ai/careers,,stage1,,no_jobs_found,Unknown ATS: ashby,0,,2026-07-29T01:04:31.600814+00:00
